;time;amplitude
0;0.00435990000005404;2407
1;0.008762899999965157;2407
2;0.01397110000016255;2407
3;0.018893100000241247;2407
4;0.023949800000082178;2407
5;0.0289281000000301;2408
6;0.03402430000005552;2409
7;0.03835520000029646;2409
8;0.04294049999998606;2409
9;0.047935099999904196;2409
10;0.052938499999982014;2409
